[{"model": "admin.logentry", "pk": 1, "fields": {"action_time": "2023-08-08T10:57:46.432Z", "user": 1, "content_type": 7, "object_id": "1", "object_repr": "1", "action_flag": 1, "change_message": "[{\"added\": {}}]"}}, {"model": "admin.logentry", "pk": 2, "fields": {"action_time": "2023-08-08T11:09:27.914Z", "user": 1, "content_type": 8, "object_id": "1", "object_repr": "1", "action_flag": 1, "change_message": "[{\"added\": {}}]"}}, {"model": "admin.logentry", "pk": 3, "fields": {"action_time": "2023-08-08T11:09:47.698Z", "user": 1, "content_type": 8, "object_id": "2", "object_repr": "2", "action_flag": 1, "change_message": "[{\"added\": {}}]"}}, {"model": "admin.logentry", "pk": 4, "fields": {"action_time": "2023-08-08T11:10:01.425Z", "user": 1, "content_type": 8, "object_id": "3", "object_repr": "3", "action_flag": 1, "change_message": "[{\"added\": {}}]"}}, {"model": "admin.logentry", "pk": 5, "fields": {"action_time": "2023-08-08T11:10:25.321Z", "user": 1, "content_type": 8, "object_id": "4", "object_repr": "4", "action_flag": 1, "change_message": "[{\"added\": {}}]"}}, {"model": "admin.logentry", "pk": 6, "fields": {"action_time": "2023-08-08T12:36:48.949Z", "user": 1, "content_type": 8, "object_id": "4", "object_repr": "4", "action_flag": 2, "change_message": "[{\"changed\": {\"fields\": [\"Expiration datetime\"]}}]"}}, {"model": "admin.logentry", "pk": 7, "fields": {"action_time": "2023-08-10T18:14:30.330Z", "user": 1, "content_type": 8, "object_id": "4", "object_repr": "4", "action_flag": 3, "change_message": ""}}, {"model": "admin.logentry", "pk": 8, "fields": {"action_time": "2023-08-10T18:14:30.335Z", "user": 1, "content_type": 8, "object_id": "3", "object_repr": "3", "action_flag": 3, "change_message": ""}}, {"model": "admin.logentry", "pk": 9, "fields": {"action_time": "2023-08-10T18:14:30.337Z", "user": 1, "content_type": 8, "object_id": "2", "object_repr": "2", "action_flag": 3, "change_message": ""}}, {"model": "admin.logentry", "pk": 10, "fields": {"action_time": "2023-08-10T18:14:30.339Z", "user": 1, "content_type": 8, "object_id": "1", "object_repr": "1", "action_flag": 3, "change_message": ""}}, {"model": "admin.logentry", "pk": 11, "fields": {"action_time": "2023-08-10T18:14:42.875Z", "user": 1, "content_type": 7, "object_id": "1", "object_repr": "test1", "action_flag": 3, "change_message": ""}}, {"model": "admin.logentry", "pk": 12, "fields": {"action_time": "2023-08-10T18:15:39.396Z", "user": 1, "content_type": 4, "object_id": "2", "object_repr": "u1", "action_flag": 1, "change_message": "[{\"added\": {}}]"}}, {"model": "admin.logentry", "pk": 13, "fields": {"action_time": "2023-08-10T18:15:50.621Z", "user": 1, "content_type": 4, "object_id": "3", "object_repr": "u2", "action_flag": 1, "change_message": "[{\"added\": {}}]"}}, {"model": "admin.logentry", "pk": 14, "fields": {"action_time": "2023-08-10T18:15:56.894Z", "user": 1, "content_type": 4, "object_id": "4", "object_repr": "u3", "action_flag": 1, "change_message": "[{\"added\": {}}]"}}, {"model": "admin.logentry", "pk": 15, "fields": {"action_time": "2023-08-10T18:16:34.560Z", "user": 1, "content_type": 7, "object_id": "2", "object_repr": "c1", "action_flag": 1, "change_message": "[{\"added\": {}}]"}}, {"model": "admin.logentry", "pk": 16, "fields": {"action_time": "2023-08-10T18:16:43.247Z", "user": 1, "content_type": 4, "object_id": "2", "object_repr": "u1", "action_flag": 2, "change_message": "[{\"changed\": {\"fields\": [\"Staff status\"]}}]"}}, {"model": "admin.logentry", "pk": 17, "fields": {"action_time": "2023-08-10T18:16:48.870Z", "user": 1, "content_type": 4, "object_id": "3", "object_repr": "u2", "action_flag": 2, "change_message": "[{\"changed\": {\"fields\": [\"Staff status\"]}}]"}}, {"model": "admin.logentry", "pk": 18, "fields": {"action_time": "2023-08-10T18:16:55.821Z", "user": 1, "content_type": 4, "object_id": "4", "object_repr": "u3", "action_flag": 2, "change_message": "[{\"changed\": {\"fields\": [\"Staff status\"]}}]"}}, {"model": "admin.logentry", "pk": 19, "fields": {"action_time": "2023-08-10T18:17:07.183Z", "user": 1, "content_type": 7, "object_id": "2", "object_repr": "c1", "action_flag": 2, "change_message": "[{\"changed\": {\"fields\": [\"Admin poc\"]}}]"}}, {"model": "admin.logentry", "pk": 20, "fields": {"action_time": "2023-08-10T18:17:41.870Z", "user": 1, "content_type": 7, "object_id": "3", "object_repr": "c2", "action_flag": 1, "change_message": "[{\"added\": {}}]"}}, {"model": "admin.logentry", "pk": 21, "fields": {"action_time": "2023-08-10T18:18:06.601Z", "user": 1, "content_type": 7, "object_id": "4", "object_repr": "c3", "action_flag": 1, "change_message": "[{\"added\": {}}]"}}, {"model": "admin.logentry", "pk": 22, "fields": {"action_time": "2023-08-10T18:18:28.493Z", "user": 1, "content_type": 8, "object_id": "5", "object_repr": "5", "action_flag": 1, "change_message": "[{\"added\": {}}]"}}, {"model": "admin.logentry", "pk": 23, "fields": {"action_time": "2023-08-10T18:18:44.607Z", "user": 1, "content_type": 8, "object_id": "6", "object_repr": "6", "action_flag": 1, "change_message": "[{\"added\": {}}]"}}, {"model": "admin.logentry", "pk": 24, "fields": {"action_time": "2023-08-10T18:18:56.830Z", "user": 1, "content_type": 8, "object_id": "7", "object_repr": "7", "action_flag": 1, "change_message": "[{\"added\": {}}]"}}, {"model": "admin.logentry", "pk": 25, "fields": {"action_time": "2023-08-10T18:19:11.573Z", "user": 1, "content_type": 8, "object_id": "8", "object_repr": "8", "action_flag": 1, "change_message": "[{\"added\": {}}]"}}, {"model": "admin.logentry", "pk": 26, "fields": {"action_time": "2023-08-10T18:19:27.069Z", "user": 1, "content_type": 8, "object_id": "9", "object_repr": "9", "action_flag": 1, "change_message": "[{\"added\": {}}]"}}, {"model": "admin.logentry", "pk": 27, "fields": {"action_time": "2023-08-10T18:19:42.894Z", "user": 1, "content_type": 8, "object_id": "10", "object_repr": "10", "action_flag": 1, "change_message": "[{\"added\": {}}]"}}, {"model": "admin.logentry", "pk": 28, "fields": {"action_time": "2023-08-10T18:19:57.259Z", "user": 1, "content_type": 8, "object_id": "11", "object_repr": "11", "action_flag": 1, "change_message": "[{\"added\": {}}]"}}, {"model": "admin.logentry", "pk": 29, "fields": {"action_time": "2023-08-10T18:20:14.378Z", "user": 1, "content_type": 8, "object_id": "12", "object_repr": "12", "action_flag": 1, "change_message": "[{\"added\": {}}]"}}, {"model": "admin.logentry", "pk": 30, "fields": {"action_time": "2023-08-10T18:20:27.081Z", "user": 1, "content_type": 8, "object_id": "13", "object_repr": "13", "action_flag": 1, "change_message": "[{\"added\": {}}]"}}, {"model": "admin.logentry", "pk": 31, "fields": {"action_time": "2023-08-10T18:20:48.830Z", "user": 1, "content_type": 8, "object_id": "14", "object_repr": "14", "action_flag": 1, "change_message": "[{\"added\": {}}]"}}, {"model": "admin.logentry", "pk": 32, "fields": {"action_time": "2023-08-10T20:10:08.677Z", "user": 1, "content_type": 8, "object_id": "14", "object_repr": "14", "action_flag": 3, "change_message": ""}}, {"model": "admin.logentry", "pk": 33, "fields": {"action_time": "2023-08-10T20:10:08.684Z", "user": 1, "content_type": 8, "object_id": "13", "object_repr": "13", "action_flag": 3, "change_message": ""}}, {"model": "admin.logentry", "pk": 34, "fields": {"action_time": "2023-08-10T20:10:08.686Z", "user": 1, "content_type": 8, "object_id": "12", "object_repr": "12", "action_flag": 3, "change_message": ""}}, {"model": "admin.logentry", "pk": 35, "fields": {"action_time": "2023-08-10T20:10:08.688Z", "user": 1, "content_type": 8, "object_id": "11", "object_repr": "11", "action_flag": 3, "change_message": ""}}, {"model": "admin.logentry", "pk": 36, "fields": {"action_time": "2023-08-10T20:10:08.690Z", "user": 1, "content_type": 8, "object_id": "10", "object_repr": "10", "action_flag": 3, "change_message": ""}}, {"model": "admin.logentry", "pk": 37, "fields": {"action_time": "2023-08-10T20:10:08.692Z", "user": 1, "content_type": 8, "object_id": "9", "object_repr": "9", "action_flag": 3, "change_message": ""}}, {"model": "admin.logentry", "pk": 38, "fields": {"action_time": "2023-08-10T20:10:08.694Z", "user": 1, "content_type": 8, "object_id": "8", "object_repr": "8", "action_flag": 3, "change_message": ""}}, {"model": "admin.logentry", "pk": 39, "fields": {"action_time": "2023-08-10T20:10:08.696Z", "user": 1, "content_type": 8, "object_id": "7", "object_repr": "7", "action_flag": 3, "change_message": ""}}, {"model": "admin.logentry", "pk": 40, "fields": {"action_time": "2023-08-10T20:10:08.699Z", "user": 1, "content_type": 8, "object_id": "6", "object_repr": "6", "action_flag": 3, "change_message": ""}}, {"model": "admin.logentry", "pk": 41, "fields": {"action_time": "2023-08-10T20:10:08.701Z", "user": 1, "content_type": 8, "object_id": "5", "object_repr": "5", "action_flag": 3, "change_message": ""}}, {"model": "admin.logentry", "pk": 42, "fields": {"action_time": "2023-08-10T20:10:23.371Z", "user": 1, "content_type": 8, "object_id": "15", "object_repr": "15", "action_flag": 1, "change_message": "[{\"added\": {}}]"}}, {"model": "admin.logentry", "pk": 43, "fields": {"action_time": "2023-08-10T20:10:33.349Z", "user": 1, "content_type": 8, "object_id": "16", "object_repr": "16", "action_flag": 1, "change_message": "[{\"added\": {}}]"}}, {"model": "admin.logentry", "pk": 44, "fields": {"action_time": "2023-08-10T20:10:41.490Z", "user": 1, "content_type": 8, "object_id": "17", "object_repr": "17", "action_flag": 1, "change_message": "[{\"added\": {}}]"}}, {"model": "admin.logentry", "pk": 45, "fields": {"action_time": "2023-08-10T20:10:48.200Z", "user": 1, "content_type": 8, "object_id": "18", "object_repr": "18", "action_flag": 1, "change_message": "[{\"added\": {}}]"}}, {"model": "admin.logentry", "pk": 46, "fields": {"action_time": "2023-08-10T20:11:04.261Z", "user": 1, "content_type": 8, "object_id": "18", "object_repr": "18", "action_flag": 3, "change_message": ""}}, {"model": "admin.logentry", "pk": 47, "fields": {"action_time": "2023-08-10T20:11:04.264Z", "user": 1, "content_type": 8, "object_id": "17", "object_repr": "17", "action_flag": 3, "change_message": ""}}, {"model": "admin.logentry", "pk": 48, "fields": {"action_time": "2023-08-10T20:11:04.266Z", "user": 1, "content_type": 8, "object_id": "16", "object_repr": "16", "action_flag": 3, "change_message": ""}}, {"model": "admin.logentry", "pk": 49, "fields": {"action_time": "2023-08-10T20:11:04.268Z", "user": 1, "content_type": 8, "object_id": "15", "object_repr": "15", "action_flag": 3, "change_message": ""}}, {"model": "admin.logentry", "pk": 50, "fields": {"action_time": "2023-08-10T20:12:05.780Z", "user": 1, "content_type": 8, "object_id": "19", "object_repr": "19", "action_flag": 1, "change_message": "[{\"added\": {}}]"}}, {"model": "admin.logentry", "pk": 51, "fields": {"action_time": "2023-08-10T20:12:39.172Z", "user": 1, "content_type": 8, "object_id": "19", "object_repr": "19", "action_flag": 3, "change_message": ""}}, {"model": "admin.logentry", "pk": 52, "fields": {"action_time": "2023-08-10T20:16:41.641Z", "user": 1, "content_type": 8, "object_id": "20", "object_repr": "20", "action_flag": 1, "change_message": "[{\"added\": {}}]"}}, {"model": "admin.logentry", "pk": 53, "fields": {"action_time": "2023-08-10T20:17:01.105Z", "user": 1, "content_type": 8, "object_id": "20", "object_repr": "20", "action_flag": 2, "change_message": "[{\"changed\": {\"fields\": [\"Client\"]}}]"}}, {"model": "admin.logentry", "pk": 54, "fields": {"action_time": "2023-08-10T20:17:18.412Z", "user": 1, "content_type": 8, "object_id": "21", "object_repr": "21", "action_flag": 1, "change_message": "[{\"added\": {}}]"}}, {"model": "admin.logentry", "pk": 55, "fields": {"action_time": "2023-08-10T20:17:33.762Z", "user": 1, "content_type": 8, "object_id": "21", "object_repr": "21", "action_flag": 2, "change_message": "[{\"changed\": {\"fields\": [\"Client\", \"Package\", \"License type\", \"Expiration datetime\"]}}]"}}, {"model": "admin.logentry", "pk": 56, "fields": {"action_time": "2023-08-10T20:17:51.519Z", "user": 1, "content_type": 8, "object_id": "21", "object_repr": "21", "action_flag": 2, "change_message": "[{\"changed\": {\"fields\": [\"Client\", \"Package\", \"License type\", \"Expiration datetime\"]}}]"}}, {"model": "admin.logentry", "pk": 57, "fields": {"action_time": "2023-08-10T20:18:04.626Z", "user": 1, "content_type": 8, "object_id": "21", "object_repr": "21", "action_flag": 2, "change_message": "[{\"changed\": {\"fields\": [\"Client\", \"Package\", \"License type\"]}}]"}}, {"model": "admin.logentry", "pk": 58, "fields": {"action_time": "2023-08-10T20:19:31.727Z", "user": 1, "content_type": 8, "object_id": "21", "object_repr": "21", "action_flag": 3, "change_message": ""}}, {"model": "admin.logentry", "pk": 59, "fields": {"action_time": "2023-08-10T20:19:31.733Z", "user": 1, "content_type": 8, "object_id": "20", "object_repr": "20", "action_flag": 3, "change_message": ""}}, {"model": "admin.logentry", "pk": 60, "fields": {"action_time": "2023-08-10T20:19:41.734Z", "user": 1, "content_type": 8, "object_id": "22", "object_repr": "22", "action_flag": 1, "change_message": "[{\"added\": {}}]"}}, {"model": "admin.logentry", "pk": 61, "fields": {"action_time": "2023-08-10T20:19:54.141Z", "user": 1, "content_type": 8, "object_id": "23", "object_repr": "23", "action_flag": 1, "change_message": "[{\"added\": {}}]"}}, {"model": "admin.logentry", "pk": 62, "fields": {"action_time": "2023-08-10T20:20:24.770Z", "user": 1, "content_type": 8, "object_id": "24", "object_repr": "24", "action_flag": 1, "change_message": "[{\"added\": {}}]"}}, {"model": "admin.logentry", "pk": 63, "fields": {"action_time": "2023-08-10T20:20:37.396Z", "user": 1, "content_type": 8, "object_id": "25", "object_repr": "25", "action_flag": 1, "change_message": "[{\"added\": {}}]"}}, {"model": "admin.logentry", "pk": 64, "fields": {"action_time": "2023-08-10T20:20:50.815Z", "user": 1, "content_type": 8, "object_id": "26", "object_repr": "26", "action_flag": 1, "change_message": "[{\"added\": {}}]"}}, {"model": "admin.logentry", "pk": 65, "fields": {"action_time": "2023-08-10T20:21:15.251Z", "user": 1, "content_type": 8, "object_id": "27", "object_repr": "27", "action_flag": 1, "change_message": "[{\"added\": {}}]"}}, {"model": "admin.logentry", "pk": 66, "fields": {"action_time": "2023-08-10T20:21:30.126Z", "user": 1, "content_type": 8, "object_id": "28", "object_repr": "28", "action_flag": 1, "change_message": "[{\"added\": {}}]"}}, {"model": "admin.logentry", "pk": 67, "fields": {"action_time": "2023-08-10T20:21:42.099Z", "user": 1, "content_type": 8, "object_id": "29", "object_repr": "29", "action_flag": 1, "change_message": "[{\"added\": {}}]"}}, {"model": "admin.logentry", "pk": 68, "fields": {"action_time": "2023-08-10T20:21:53.949Z", "user": 1, "content_type": 8, "object_id": "30", "object_repr": "30", "action_flag": 1, "change_message": "[{\"added\": {}}]"}}, {"model": "admin.logentry", "pk": 69, "fields": {"action_time": "2023-08-10T20:22:09.357Z", "user": 1, "content_type": 8, "object_id": "31", "object_repr": "31", "action_flag": 1, "change_message": "[{\"added\": {}}]"}}, {"model": "admin.logentry", "pk": 70, "fields": {"action_time": "2023-08-10T20:22:44.049Z", "user": 1, "content_type": 8, "object_id": "32", "object_repr": "32", "action_flag": 1, "change_message": "[{\"added\": {}}]"}}, {"model": "admin.logentry", "pk": 71, "fields": {"action_time": "2023-08-10T20:22:55.310Z", "user": 1, "content_type": 8, "object_id": "33", "object_repr": "33", "action_flag": 1, "change_message": "[{\"added\": {}}]"}}, {"model": "admin.logentry", "pk": 72, "fields": {"action_time": "2023-08-10T20:23:06.958Z", "user": 1, "content_type": 8, "object_id": "34", "object_repr": "34", "action_flag": 1, "change_message": "[{\"added\": {}}]"}}, {"model": "admin.logentry", "pk": 73, "fields": {"action_time": "2023-08-10T20:23:19.214Z", "user": 1, "content_type": 8, "object_id": "35", "object_repr": "35", "action_flag": 1, "change_message": "[{\"added\": {}}]"}}, {"model": "admin.logentry", "pk": 74, "fields": {"action_time": "2023-08-10T20:23:30.952Z", "user": 1, "content_type": 8, "object_id": "36", "object_repr": "36", "action_flag": 1, "change_message": "[{\"added\": {}}]"}}, {"model": "admin.logentry", "pk": 75, "fields": {"action_time": "2023-08-10T20:31:39.383Z", "user": 1, "content_type": 4, "object_id": "2", "object_repr": "u1", "action_flag": 2, "change_message": "[{\"changed\": {\"fields\": [\"Email address\"]}}]"}}, {"model": "admin.logentry", "pk": 76, "fields": {"action_time": "2023-08-10T20:31:49.235Z", "user": 1, "content_type": 4, "object_id": "3", "object_repr": "u2", "action_flag": 2, "change_message": "[{\"changed\": {\"fields\": [\"Email address\"]}}]"}}, {"model": "admin.logentry", "pk": 77, "fields": {"action_time": "2023-08-10T20:32:05.544Z", "user": 1, "content_type": 4, "object_id": "4", "object_repr": "u3", "action_flag": 2, "change_message": "[{\"changed\": {\"fields\": [\"Email address\"]}}]"}}, {"model": "admin.logentry", "pk": 78, "fields": {"action_time": "2023-08-10T20:33:03.049Z", "user": 1, "content_type": 4, "object_id": "5", "object_repr": "u4", "action_flag": 1, "change_message": "[{\"added\": {}}]"}}, {"model": "admin.logentry", "pk": 79, "fields": {"action_time": "2023-08-10T20:33:45.970Z", "user": 1, "content_type": 7, "object_id": "5", "object_repr": "c4", "action_flag": 1, "change_message": "[{\"added\": {}}]"}}, {"model": "admin.logentry", "pk": 80, "fields": {"action_time": "2023-08-10T20:34:12.261Z", "user": 1, "content_type": 4, "object_id": "5", "object_repr": "u4", "action_flag": 2, "change_message": "[{\"changed\": {\"fields\": [\"Email address\", \"Staff status\"]}}]"}}, {"model": "admin.logentry", "pk": 81, "fields": {"action_time": "2023-08-10T20:34:37.606Z", "user": 1, "content_type": 8, "object_id": "37", "object_repr": "37", "action_flag": 1, "change_message": "[{\"added\": {}}]"}}, {"model": "admin.logentry", "pk": 82, "fields": {"action_time": "2023-08-10T20:34:47.150Z", "user": 1, "content_type": 8, "object_id": "38", "object_repr": "38", "action_flag": 1, "change_message": "[{\"added\": {}}]"}}, {"model": "admin.logentry", "pk": 83, "fields": {"action_time": "2023-08-10T20:34:56.472Z", "user": 1, "content_type": 8, "object_id": "39", "object_repr": "39", "action_flag": 1, "change_message": "[{\"added\": {}}]"}}, {"model": "admin.logentry", "pk": 84, "fields": {"action_time": "2023-08-10T20:35:06.785Z", "user": 1, "content_type": 8, "object_id": "40", "object_repr": "40", "action_flag": 1, "change_message": "[{\"added\": {}}]"}}, {"model": "admin.logentry", "pk": 85, "fields": {"action_time": "2023-08-10T20:35:23.365Z", "user": 1, "content_type": 8, "object_id": "41", "object_repr": "41", "action_flag": 1, "change_message": "[{\"added\": {}}]"}}, {"model": "auth.permission", "pk": 1, "fields": {"name": "Can add log entry", "content_type": 1, "codename": "add_logentry"}}, {"model": "auth.permission", "pk": 2, "fields": {"name": "Can change log entry", "content_type": 1, "codename": "change_logentry"}}, {"model": "auth.permission", "pk": 3, "fields": {"name": "Can delete log entry", "content_type": 1, "codename": "delete_logentry"}}, {"model": "auth.permission", "pk": 4, "fields": {"name": "Can view log entry", "content_type": 1, "codename": "view_logentry"}}, {"model": "auth.permission", "pk": 5, "fields": {"name": "Can add permission", "content_type": 2, "codename": "add_permission"}}, {"model": "auth.permission", "pk": 6, "fields": {"name": "Can change permission", "content_type": 2, "codename": "change_permission"}}, {"model": "auth.permission", "pk": 7, "fields": {"name": "Can delete permission", "content_type": 2, "codename": "delete_permission"}}, {"model": "auth.permission", "pk": 8, "fields": {"name": "Can view permission", "content_type": 2, "codename": "view_permission"}}, {"model": "auth.permission", "pk": 9, "fields": {"name": "Can add group", "content_type": 3, "codename": "add_group"}}, {"model": "auth.permission", "pk": 10, "fields": {"name": "Can change group", "content_type": 3, "codename": "change_group"}}, {"model": "auth.permission", "pk": 11, "fields": {"name": "Can delete group", "content_type": 3, "codename": "delete_group"}}, {"model": "auth.permission", "pk": 12, "fields": {"name": "Can view group", "content_type": 3, "codename": "view_group"}}, {"model": "auth.permission", "pk": 13, "fields": {"name": "Can add user", "content_type": 4, "codename": "add_user"}}, {"model": "auth.permission", "pk": 14, "fields": {"name": "Can change user", "content_type": 4, "codename": "change_user"}}, {"model": "auth.permission", "pk": 15, "fields": {"name": "Can delete user", "content_type": 4, "codename": "delete_user"}}, {"model": "auth.permission", "pk": 16, "fields": {"name": "Can view user", "content_type": 4, "codename": "view_user"}}, {"model": "auth.permission", "pk": 17, "fields": {"name": "Can add content type", "content_type": 5, "codename": "add_contenttype"}}, {"model": "auth.permission", "pk": 18, "fields": {"name": "Can change content type", "content_type": 5, "codename": "change_contenttype"}}, {"model": "auth.permission", "pk": 19, "fields": {"name": "Can delete content type", "content_type": 5, "codename": "delete_contenttype"}}, {"model": "auth.permission", "pk": 20, "fields": {"name": "Can view content type", "content_type": 5, "codename": "view_contenttype"}}, {"model": "auth.permission", "pk": 21, "fields": {"name": "Can add session", "content_type": 6, "codename": "add_session"}}, {"model": "auth.permission", "pk": 22, "fields": {"name": "Can change session", "content_type": 6, "codename": "change_session"}}, {"model": "auth.permission", "pk": 23, "fields": {"name": "Can delete session", "content_type": 6, "codename": "delete_session"}}, {"model": "auth.permission", "pk": 24, "fields": {"name": "Can view session", "content_type": 6, "codename": "view_session"}}, {"model": "auth.permission", "pk": 25, "fields": {"name": "Can add client", "content_type": 7, "codename": "add_client"}}, {"model": "auth.permission", "pk": 26, "fields": {"name": "Can change client", "content_type": 7, "codename": "change_client"}}, {"model": "auth.permission", "pk": 27, "fields": {"name": "Can delete client", "content_type": 7, "codename": "delete_client"}}, {"model": "auth.permission", "pk": 28, "fields": {"name": "Can view client", "content_type": 7, "codename": "view_client"}}, {"model": "auth.permission", "pk": 29, "fields": {"name": "Can add license", "content_type": 8, "codename": "add_license"}}, {"model": "auth.permission", "pk": 30, "fields": {"name": "Can change license", "content_type": 8, "codename": "change_license"}}, {"model": "auth.permission", "pk": 31, "fields": {"name": "Can delete license", "content_type": 8, "codename": "delete_license"}}, {"model": "auth.permission", "pk": 32, "fields": {"name": "Can view license", "content_type": 8, "codename": "view_license"}}, {"model": "auth.permission", "pk": 33, "fields": {"name": "Can add notification", "content_type": 9, "codename": "add_notification"}}, {"model": "auth.permission", "pk": 34, "fields": {"name": "Can change notification", "content_type": 9, "codename": "change_notification"}}, {"model": "auth.permission", "pk": 35, "fields": {"name": "Can delete notification", "content_type": 9, "codename": "delete_notification"}}, {"model": "auth.permission", "pk": 36, "fields": {"name": "Can view notification", "content_type": 9, "codename": "view_notification"}}, {"model": "auth.permission", "pk": 37, "fields": {"name": "Can add notification item", "content_type": 10, "codename": "add_notificationitem"}}, {"model": "auth.permission", "pk": 38, "fields": {"name": "Can change notification item", "content_type": 10, "codename": "change_notificationitem"}}, {"model": "auth.permission", "pk": 39, "fields": {"name": "Can delete notification item", "content_type": 10, "codename": "delete_notificationitem"}}, {"model": "auth.permission", "pk": 40, "fields": {"name": "Can view notification item", "content_type": 10, "codename": "view_notificationitem"}}, {"model": "auth.user", "pk": 1, "fields": {"password": "pbkdf2_sha256$600000$YmNHHESCEG23KeRoDkxhS4$AZvP8zuomlC849Z7eH7eHSKD/DsCTH+sVPmi659UWsE=", "last_login": "2023-08-10T18:14:20.916Z", "is_superuser": true, "username": "admin", "first_name": "", "last_name": "", "email": "", "is_staff": true, "is_active": true, "date_joined": "2023-08-08T10:57:05.391Z", "groups": [], "user_permissions": []}}, {"model": "auth.user", "pk": 2, "fields": {"password": "pbkdf2_sha256$600000$qpqA8gNCwHNngmuJrLo32y$gXZ0Bf8iP5hM05XUORdjPD8XtG/cviU8F5gVSHDB2ak=", "last_login": null, "is_superuser": false, "username": "u1", "first_name": "", "last_name": "", "email": "u1@test.com", "is_staff": true, "is_active": true, "date_joined": "2023-08-10T18:15:39Z", "groups": [], "user_permissions": []}}, {"model": "auth.user", "pk": 3, "fields": {"password": "pbkdf2_sha256$600000$OTJkLd5onQLbxtVXooSIif$1Jy0hJWri2mJ1sA0vNgqLsRS89mbuLuwQ3kakWnw8Pk=", "last_login": null, "is_superuser": false, "username": "u2", "first_name": "", "last_name": "", "email": "u2@test.com", "is_staff": true, "is_active": true, "date_joined": "2023-08-10T18:15:50Z", "groups": [], "user_permissions": []}}, {"model": "auth.user", "pk": 4, "fields": {"password": "pbkdf2_sha256$600000$lTuzDRYo439mUtuYuv4UWk$L6tEGc9PZjmKf2vvjxiKSMe1aVkujs0wGGliXDUNSpc=", "last_login": null, "is_superuser": false, "username": "u3", "first_name": "", "last_name": "", "email": "u3@test.com", "is_staff": true, "is_active": true, "date_joined": "2023-08-10T18:15:56Z", "groups": [], "user_permissions": []}}, {"model": "auth.user", "pk": 5, "fields": {"password": "pbkdf2_sha256$600000$IL8nlsfO7Zxt6ECl4cpXdz$qIzJCbI+n5EknXQLRVqyaj60D4ExcMQul2cBgsLEhuM=", "last_login": null, "is_superuser": false, "username": "u4", "first_name": "", "last_name": "", "email": "u4@test.com", "is_staff": true, "is_active": true, "date_joined": "2023-08-10T20:33:02Z", "groups": [], "user_permissions": []}}, {"model": "contenttypes.contenttype", "pk": 1, "fields": {"app_label": "admin", "model": "logentry"}}, {"model": "contenttypes.contenttype", "pk": 2, "fields": {"app_label": "auth", "model": "permission"}}, {"model": "contenttypes.contenttype", "pk": 3, "fields": {"app_label": "auth", "model": "group"}}, {"model": "contenttypes.contenttype", "pk": 4, "fields": {"app_label": "auth", "model": "user"}}, {"model": "contenttypes.contenttype", "pk": 5, "fields": {"app_label": "contenttypes", "model": "contenttype"}}, {"model": "contenttypes.contenttype", "pk": 6, "fields": {"app_label": "sessions", "model": "session"}}, {"model": "contenttypes.contenttype", "pk": 7, "fields": {"app_label": "licenses", "model": "client"}}, {"model": "contenttypes.contenttype", "pk": 8, "fields": {"app_label": "licenses", "model": "license"}}, {"model": "contenttypes.contenttype", "pk": 9, "fields": {"app_label": "notifications", "model": "notification"}}, {"model": "contenttypes.contenttype", "pk": 10, "fields": {"app_label": "notifications", "model": "notificationitem"}}, {"model": "sessions.session", "pk": "3j0r9jv9ta3narv28gj6g7mp94vfhz03", "fields": {"session_data": ".eJxVjDsOwjAQBe_iGlle_-KlpOcM1jpe4wBypDipEHeHSCmgfTPzXiLStta4dV7ilMVZgDj9bonGB7cd5Du12yzHua3LlOSuyIN2eZ0zPy-H-3dQqddvbQgs5uIdI-kEDjmzBa88GutCKZ7JAKEqAzuFwfCQDIIjRh2CzVq8P9kyN14:1qUAAu:bfU0NUb1lmhJiS93AIHfN6_-M3U9cmHsRsdm6OQuqmI", "expire_date": "2023-08-24T18:14:20.919Z"}}, {"model": "sessions.session", "pk": "80iu382a0980p9bgqjvywtshon038ntf", "fields": {"session_data": ".eJxVjDsOwjAQBe_iGlle_-KlpOcM1jpe4wBypDipEHeHSCmgfTPzXiLStta4dV7ilMVZgDj9bonGB7cd5Du12yzHua3LlOSuyIN2eZ0zPy-H-3dQqddvbQgs5uIdI-kEDjmzBa88GutCKZ7JAKEqAzuFwfCQDIIjRh2CzVq8P9kyN14:1qTKOo:q3CW0A17hF6YXyioPN9vd2GdLxAAbTWponu1yMAGzvs", "expire_date": "2023-08-22T10:57:14.519Z"}}, {"model": "sessions.session", "pk": "l51mfnhhrnwudmzlurypahqi7fbdmq5k", "fields": {"session_data": ".eJxVjDsOwjAQBe_iGlle_-KlpOcM1jpe4wBypDipEHeHSCmgfTPzXiLStta4dV7ilMVZgDj9bonGB7cd5Du12yzHua3LlOSuyIN2eZ0zPy-H-3dQqddvbQgs5uIdI-kEDjmzBa88GutCKZ7JAKEqAzuFwfCQDIIjRh2CzVq8P9kyN14:1qTlT3:ww_gIaHCsvOG4YuqTTPWnUBi5BpOOzmwhF505eE7dfI", "expire_date": "2023-08-23T15:51:25.340Z"}}, {"model": "licenses.license", "pk": 22, "fields": {"client": 2, "package": 0, "license_type": 1, "created_datetime": "2023-08-10T20:19:41.731Z", "expiration_datetime": "2023-11-24T20:19:33Z"}}, {"model": "licenses.license", "pk": 23, "fields": {"client": 2, "package": 2, "license_type": 0, "created_datetime": "2023-08-10T20:19:54.139Z", "expiration_datetime": "2023-11-03T20:19:41Z"}}, {"model": "licenses.license", "pk": 24, "fields": {"client": 2, "package": 1, "license_type": 0, "created_datetime": "2023-08-10T20:20:24.767Z", "expiration_datetime": "2024-03-14T20:20:11Z"}}, {"model": "licenses.license", "pk": 25, "fields": {"client": 2, "package": 2, "license_type": 0, "created_datetime": "2023-08-10T20:20:37.393Z", "expiration_datetime": "2024-01-19T20:20:24Z"}}, {"model": "licenses.license", "pk": 26, "fields": {"client": 2, "package": 1, "license_type": 1, "created_datetime": "2023-08-10T20:20:50.812Z", "expiration_datetime": "2024-02-16T20:20:37Z"}}, {"model": "licenses.license", "pk": 27, "fields": {"client": 3, "package": 1, "license_type": 0, "created_datetime": "2023-08-10T20:21:15.249Z", "expiration_datetime": "2023-11-25T20:21:04Z"}}, {"model": "licenses.license", "pk": 28, "fields": {"client": 3, "package": 2, "license_type": 0, "created_datetime": "2023-08-10T20:21:30.123Z", "expiration_datetime": "2024-01-25T20:21:15Z"}}, {"model": "licenses.license", "pk": 29, "fields": {"client": 3, "package": 1, "license_type": 0, "created_datetime": "2023-08-10T20:21:42.097Z", "expiration_datetime": "2024-03-23T20:21:30Z"}}, {"model": "licenses.license", "pk": 30, "fields": {"client": 3, "package": 2, "license_type": 1, "created_datetime": "2023-08-10T20:21:53.946Z", "expiration_datetime": "2024-09-19T20:21:42Z"}}, {"model": "licenses.license", "pk": 31, "fields": {"client": 3, "package": 2, "license_type": 0, "created_datetime": "2023-08-10T20:22:09.355Z", "expiration_datetime": "2024-07-27T12:00:00Z"}}, {"model": "licenses.license", "pk": 32, "fields": {"client": 4, "package": 0, "license_type": 1, "created_datetime": "2023-08-10T20:22:44.046Z", "expiration_datetime": "2023-11-24T20:22:30Z"}}, {"model": "licenses.license", "pk": 33, "fields": {"client": 4, "package": 2, "license_type": 0, "created_datetime": "2023-08-10T20:22:55.307Z", "expiration_datetime": "2023-12-21T20:22:44Z"}}, {"model": "licenses.license", "pk": 34, "fields": {"client": 4, "package": 1, "license_type": 0, "created_datetime": "2023-08-10T20:23:06.955Z", "expiration_datetime": "2024-05-11T20:22:55Z"}}, {"model": "licenses.license", "pk": 35, "fields": {"client": 4, "package": 2, "license_type": 0, "created_datetime": "2023-08-10T20:23:19.211Z", "expiration_datetime": "2024-01-18T20:23:07Z"}}, {"model": "licenses.license", "pk": 36, "fields": {"client": 4, "package": 1, "license_type": 0, "created_datetime": "2023-08-10T20:23:30.949Z", "expiration_datetime": "2023-11-16T20:23:19Z"}}, {"model": "licenses.license", "pk": 37, "fields": {"client": 5, "package": 1, "license_type": 0, "created_datetime": "2023-08-10T20:34:37.602Z", "expiration_datetime": "2023-11-17T20:34:27Z"}}, {"model": "licenses.license", "pk": 38, "fields": {"client": 5, "package": 1, "license_type": 0, "created_datetime": "2023-08-10T20:34:47.147Z", "expiration_datetime": "2023-11-24T20:34:37Z"}}, {"model": "licenses.license", "pk": 39, "fields": {"client": 5, "package": 2, "license_type": 0, "created_datetime": "2023-08-10T20:34:56.469Z", "expiration_datetime": "2023-12-21T20:34:47Z"}}, {"model": "licenses.license", "pk": 40, "fields": {"client": 5, "package": 1, "license_type": 0, "created_datetime": "2023-08-10T20:35:06.782Z", "expiration_datetime": "2024-02-16T20:34:56Z"}}, {"model": "licenses.license", "pk": 41, "fields": {"client": 5, "package": 2, "license_type": 1, "created_datetime": "2023-08-10T20:35:23.362Z", "expiration_datetime": "2024-07-19T20:35:06Z"}}, {"model": "licenses.client", "pk": 2, "fields": {"client_name": "c1", "poc_contact_name": "client1 name", "poc_contact_email": "client1mail@test.com", "admin_poc": 2}}, {"model": "licenses.client", "pk": 3, "fields": {"client_name": "c2", "poc_contact_name": "client2 name", "poc_contact_email": "client2mail@test.com", "admin_poc": 3}}, {"model": "licenses.client", "pk": 4, "fields": {"client_name": "c3", "poc_contact_name": "client3 name", "poc_contact_email": "client3mail@test.com", "admin_poc": 4}}, {"model": "licenses.client", "pk": 5, "fields": {"client_name": "c4", "poc_contact_name": "client4 name", "poc_contact_email": "client4mail@test.com", "admin_poc": 4}}, {"model": "notifications.notification", "pk": 1, "fields": {"notification_type": 1, "total_count": 0, "created_datetime": "2023-08-09T14:42:10.792Z"}}, {"model": "notifications.notification", "pk": 2, "fields": {"notification_type": 1, "total_count": 0, "created_datetime": "2023-08-09T14:44:21.919Z"}}, {"model": "notifications.notification", "pk": 3, "fields": {"notification_type": 1, "total_count": 0, "created_datetime": "2023-08-09T14:47:21.293Z"}}, {"model": "notifications.notification", "pk": 4, "fields": {"notification_type": 1, "total_count": 0, "created_datetime": "2023-08-09T14:49:43.721Z"}}, {"model": "notifications.notification", "pk": 5, "fields": {"notification_type": 1, "total_count": 0, "created_datetime": "2023-08-09T14:54:27.084Z"}}, {"model": "notifications.notification", "pk": 6, "fields": {"notification_type": 1, "total_count": 0, "created_datetime": "2023-08-09T14:55:41.437Z"}}, {"model": "notifications.notification", "pk": 7, "fields": {"notification_type": 1, "total_count": 0, "created_datetime": "2023-08-09T14:56:09.713Z"}}, {"model": "notifications.notification", "pk": 8, "fields": {"notification_type": 1, "total_count": 0, "created_datetime": "2023-08-09T14:56:50.811Z"}}, {"model": "notifications.notification", "pk": 9, "fields": {"notification_type": 1, "total_count": 0, "created_datetime": "2023-08-09T16:43:30.292Z"}}, {"model": "notifications.notification", "pk": 10, "fields": {"notification_type": 1, "total_count": 0, "created_datetime": "2023-08-09T16:43:32.628Z"}}, {"model": "notifications.notification", "pk": 11, "fields": {"notification_type": 1, "total_count": 0, "created_datetime": "2023-08-09T16:43:33.329Z"}}, {"model": "notifications.notification", "pk": 12, "fields": {"notification_type": 1, "total_count": 0, "created_datetime": "2023-08-10T09:30:40.880Z"}}, {"model": "notifications.notification", "pk": 13, "fields": {"notification_type": 1, "total_count": 0, "created_datetime": "2023-08-10T09:31:17.171Z"}}, {"model": "notifications.notification", "pk": 14, "fields": {"notification_type": 1, "total_count": 0, "created_datetime": "2023-08-10T09:31:52.515Z"}}, {"model": "notifications.notification", "pk": 15, "fields": {"notification_type": 1, "total_count": 1, "created_datetime": "2023-08-10T09:48:41.040Z"}}, {"model": "notifications.notification", "pk": 16, "fields": {"notification_type": 1, "total_count": 1, "created_datetime": "2023-08-10T11:51:55.547Z"}}, {"model": "notifications.notification", "pk": 17, "fields": {"notification_type": 1, "total_count": 1, "created_datetime": "2023-08-10T11:54:00.024Z"}}, {"model": "notifications.notification", "pk": 18, "fields": {"notification_type": 1, "total_count": 1, "created_datetime": "2023-08-10T13:20:20.724Z"}}, {"model": "notifications.notification", "pk": 19, "fields": {"notification_type": 1, "total_count": 1, "created_datetime": "2023-08-10T13:20:39.981Z"}}, {"model": "notifications.notification", "pk": 20, "fields": {"notification_type": 1, "total_count": 1, "created_datetime": "2023-08-10T13:21:12.259Z"}}, {"model": "notifications.notification", "pk": 21, "fields": {"notification_type": 1, "total_count": 1, "created_datetime": "2023-08-10T13:23:34.054Z"}}, {"model": "notifications.notification", "pk": 22, "fields": {"notification_type": 1, "total_count": 0, "created_datetime": "2023-08-10T20:58:42.860Z"}}, {"model": "notifications.notification", "pk": 23, "fields": {"notification_type": 1, "total_count": 0, "created_datetime": "2023-08-11T07:49:28.133Z"}}, {"model": "notifications.notificationitem", "pk": 5, "fields": {"notification_channel": 1, "subject": "License Expiration Alert", "body": "<!DOCTYPE html PUBLIC \"-//W3C//DTD XHTML 1.0 Transitional//EN\" \"http://www.w3.org/TR/xhtml1/DTD/xhtml1-transitional.dtd\">\n<html xmlns=\"http://www.w3.org/1999/xhtml\">\n <head>\n  <meta http-equiv=\"Content-Type\" content=\"text/html; charset=UTF-8\" />\n  <title>Licenses Expiration Alert</title>\n  <meta name=\"viewport\" content=\"width=device-width, initial-scale=1.0\"/>\n</head>\n<body style=\"margin: 0; padding: 0;\">\n  <table align=\"center\" border=\"0\" cellpadding=\"0\" cellspacing=\"0\" width=\"320\" style=\"border: none; border-collapse: collapse; font-family:  Arial, sans-serif; font-size: 14px; line-height: 1.5;\">\n  <tr>\n    <th>license id</th>\n    <th>license type</th>\n    <th>package</th>\n    <th>expiration date</th>\n    <th>poc name</th>\n    <th>poc email</th>\n  </tr>\n      \n  <tr>\n    <td>4</td>\n    <td>evaluation</td>\n    <td>javascript sdk</td>\n    <td>Aug. 12, 2023, 11:10 a.m.</td>\n    <td></td>\n    <td></td>\n  </tr>\n      \n\n</table>\n</body>\n</html>", "endpoint": "", "created_datetime": "2023-08-09T14:56:13.835Z", "notification": 7, "is_successful": false}}, {"model": "notifications.notificationitem", "pk": 6, "fields": {"notification_channel": 1, "subject": "License Expiration Alert", "body": "<!DOCTYPE html PUBLIC \"-//W3C//DTD XHTML 1.0 Transitional//EN\" \"http://www.w3.org/TR/xhtml1/DTD/xhtml1-transitional.dtd\">\n<html xmlns=\"http://www.w3.org/1999/xhtml\">\n <head>\n  <meta http-equiv=\"Content-Type\" content=\"text/html; charset=UTF-8\" />\n  <title>Licenses Expiration Alert</title>\n  <meta name=\"viewport\" content=\"width=device-width, initial-scale=1.0\"/>\n</head>\n<body style=\"margin: 0; padding: 0;\">\n  <table align=\"center\" border=\"0\" cellpadding=\"0\" cellspacing=\"0\" width=\"320\" style=\"border: none; border-collapse: collapse; font-family:  Arial, sans-serif; font-size: 14px; line-height: 1.5;\">\n  <tr>\n    <th>license id</th>\n    <th>license type</th>\n    <th>package</th>\n    <th>expiration date</th>\n    <th>poc name</th>\n    <th>poc email</th>\n  </tr>\n      \n  <tr>\n    <td>4</td>\n    <td>evaluation</td>\n    <td>javascript sdk</td>\n    <td>Aug. 12, 2023, 11:10 a.m.</td>\n    <td></td>\n    <td></td>\n  </tr>\n      \n\n</table>\n</body>\n</html>", "endpoint": "", "created_datetime": "2023-08-09T14:56:50.848Z", "notification": 8, "is_successful": false}}, {"model": "notifications.notificationitem", "pk": 7, "fields": {"notification_channel": 1, "subject": "License Expiration Alert", "body": "<!DOCTYPE html PUBLIC \"-//W3C//DTD XHTML 1.0 Transitional//EN\" \"http://www.w3.org/TR/xhtml1/DTD/xhtml1-transitional.dtd\">\n<html xmlns=\"http://www.w3.org/1999/xhtml\">\n <head>\n  <meta http-equiv=\"Content-Type\" content=\"text/html; charset=UTF-8\" />\n  <title>Licenses Expiration Alert</title>\n  <meta name=\"viewport\" content=\"width=device-width, initial-scale=1.0\"/>\n</head>\n<body style=\"margin: 0; padding: 0;\">\n  <table align=\"center\" border=\"0\" cellpadding=\"0\" cellspacing=\"0\" width=\"320\" style=\"border: none; border-collapse: collapse; font-family:  Arial, sans-serif; font-size: 14px; line-height: 1.5;\">\n  <tr>\n    <th>license id</th>\n    <th>license type</th>\n    <th>package</th>\n    <th>expiration date</th>\n    <th>poc name</th>\n    <th>poc email</th>\n  </tr>\n      \n  <tr>\n    <td>4</td>\n    <td>evaluation</td>\n    <td>javascript sdk</td>\n    <td>Aug. 12, 2023, 11:10 a.m.</td>\n    <td></td>\n    <td></td>\n  </tr>\n      \n\n</table>\n</body>\n</html>", "endpoint": "", "created_datetime": "2023-08-09T16:43:30.334Z", "notification": 9, "is_successful": false}}, {"model": "notifications.notificationitem", "pk": 8, "fields": {"notification_channel": 1, "subject": "License Expiration Alert", "body": "<!DOCTYPE html PUBLIC \"-//W3C//DTD XHTML 1.0 Transitional//EN\" \"http://www.w3.org/TR/xhtml1/DTD/xhtml1-transitional.dtd\">\n<html xmlns=\"http://www.w3.org/1999/xhtml\">\n <head>\n  <meta http-equiv=\"Content-Type\" content=\"text/html; charset=UTF-8\" />\n  <title>Licenses Expiration Alert</title>\n  <meta name=\"viewport\" content=\"width=device-width, initial-scale=1.0\"/>\n</head>\n<body style=\"margin: 0; padding: 0;\">\n  <table align=\"center\" border=\"0\" cellpadding=\"0\" cellspacing=\"0\" width=\"320\" style=\"border: none; border-collapse: collapse; font-family:  Arial, sans-serif; font-size: 14px; line-height: 1.5;\">\n  <tr>\n    <th>license id</th>\n    <th>license type</th>\n    <th>package</th>\n    <th>expiration date</th>\n    <th>poc name</th>\n    <th>poc email</th>\n  </tr>\n      \n  <tr>\n    <td>4</td>\n    <td>evaluation</td>\n    <td>javascript sdk</td>\n    <td>Aug. 12, 2023, 11:10 a.m.</td>\n    <td></td>\n    <td></td>\n  </tr>\n      \n\n</table>\n</body>\n</html>", "endpoint": "", "created_datetime": "2023-08-09T16:43:32.647Z", "notification": 10, "is_successful": false}}, {"model": "notifications.notificationitem", "pk": 9, "fields": {"notification_channel": 1, "subject": "License Expiration Alert", "body": "<!DOCTYPE html PUBLIC \"-//W3C//DTD XHTML 1.0 Transitional//EN\" \"http://www.w3.org/TR/xhtml1/DTD/xhtml1-transitional.dtd\">\n<html xmlns=\"http://www.w3.org/1999/xhtml\">\n <head>\n  <meta http-equiv=\"Content-Type\" content=\"text/html; charset=UTF-8\" />\n  <title>Licenses Expiration Alert</title>\n  <meta name=\"viewport\" content=\"width=device-width, initial-scale=1.0\"/>\n</head>\n<body style=\"margin: 0; padding: 0;\">\n  <table align=\"center\" border=\"0\" cellpadding=\"0\" cellspacing=\"0\" width=\"320\" style=\"border: none; border-collapse: collapse; font-family:  Arial, sans-serif; font-size: 14px; line-height: 1.5;\">\n  <tr>\n    <th>license id</th>\n    <th>license type</th>\n    <th>package</th>\n    <th>expiration date</th>\n    <th>poc name</th>\n    <th>poc email</th>\n  </tr>\n      \n  <tr>\n    <td>4</td>\n    <td>evaluation</td>\n    <td>javascript sdk</td>\n    <td>Aug. 12, 2023, 11:10 a.m.</td>\n    <td></td>\n    <td></td>\n  </tr>\n      \n\n</table>\n</body>\n</html>", "endpoint": "", "created_datetime": "2023-08-09T16:43:33.346Z", "notification": 11, "is_successful": false}}, {"model": "notifications.notificationitem", "pk": 10, "fields": {"notification_channel": 1, "subject": "License Expiration Alert", "body": "<!DOCTYPE html PUBLIC \"-//W3C//DTD XHTML 1.0 Transitional//EN\" \"http://www.w3.org/TR/xhtml1/DTD/xhtml1-transitional.dtd\">\n<html xmlns=\"http://www.w3.org/1999/xhtml\">\n <head>\n  <meta http-equiv=\"Content-Type\" content=\"text/html; charset=UTF-8\" />\n  <title>Licenses Expiration Alert</title>\n  <meta name=\"viewport\" content=\"width=device-width, initial-scale=1.0\"/>\n</head>\n<body style=\"margin: 0; padding: 0;\">\n  <table align=\"center\" border=\"0\" cellpadding=\"0\" cellspacing=\"0\" width=\"320\" style=\"border: none; border-collapse: collapse; font-family:  Arial, sans-serif; font-size: 14px; line-height: 1.5;\">\n  <tr>\n    <th>license id</th>\n    <th>license type</th>\n    <th>package</th>\n    <th>expiration date</th>\n    <th>poc name</th>\n    <th>poc email</th>\n  </tr>\n      \n  <tr>\n    <td>4</td>\n    <td>evaluation</td>\n    <td>javascript sdk</td>\n    <td>Aug. 12, 2023, 11:10 a.m.</td>\n    <td></td>\n    <td></td>\n  </tr>\n      \n\n</table>\n</body>\n</html>", "endpoint": "", "created_datetime": "2023-08-10T09:30:40.912Z", "notification": 12, "is_successful": false}}, {"model": "notifications.notificationitem", "pk": 11, "fields": {"notification_channel": 1, "subject": "License Expiration Alert", "body": "<!DOCTYPE html PUBLIC \"-//W3C//DTD XHTML 1.0 Transitional//EN\" \"http://www.w3.org/TR/xhtml1/DTD/xhtml1-transitional.dtd\">\n<html xmlns=\"http://www.w3.org/1999/xhtml\">\n <head>\n  <meta http-equiv=\"Content-Type\" content=\"text/html; charset=UTF-8\" />\n  <title>Licenses Expiration Alert</title>\n  <meta name=\"viewport\" content=\"width=device-width, initial-scale=1.0\"/>\n</head>\n<body style=\"margin: 0; padding: 0;\">\n  <table align=\"center\" border=\"0\" cellpadding=\"0\" cellspacing=\"0\" width=\"320\" style=\"border: none; border-collapse: collapse; font-family:  Arial, sans-serif; font-size: 14px; line-height: 1.5;\">\n  <tr>\n    <th>license id</th>\n    <th>license type</th>\n    <th>package</th>\n    <th>expiration date</th>\n    <th>poc name</th>\n    <th>poc email</th>\n  </tr>\n      \n  <tr>\n    <td>4</td>\n    <td>evaluation</td>\n    <td>javascript sdk</td>\n    <td>Aug. 12, 2023, 11:10 a.m.</td>\n    <td></td>\n    <td></td>\n  </tr>\n      \n\n</table>\n</body>\n</html>", "endpoint": "", "created_datetime": "2023-08-10T09:31:17.200Z", "notification": 13, "is_successful": false}}, {"model": "notifications.notificationitem", "pk": 12, "fields": {"notification_channel": 1, "subject": "License Expiration Alert", "body": "<!DOCTYPE html PUBLIC \"-//W3C//DTD XHTML 1.0 Transitional//EN\" \"http://www.w3.org/TR/xhtml1/DTD/xhtml1-transitional.dtd\">\n<html xmlns=\"http://www.w3.org/1999/xhtml\">\n <head>\n  <meta http-equiv=\"Content-Type\" content=\"text/html; charset=UTF-8\" />\n  <title>Licenses Expiration Alert</title>\n  <meta name=\"viewport\" content=\"width=device-width, initial-scale=1.0\"/>\n</head>\n<body style=\"margin: 0; padding: 0;\">\n  <table align=\"center\" border=\"0\" cellpadding=\"0\" cellspacing=\"0\" width=\"320\" style=\"border: none; border-collapse: collapse; font-family:  Arial, sans-serif; font-size: 14px; line-height: 1.5;\">\n  <tr>\n    <th>license id</th>\n    <th>license type</th>\n    <th>package</th>\n    <th>expiration date</th>\n    <th>poc name</th>\n    <th>poc email</th>\n  </tr>\n      \n  <tr>\n    <td>4</td>\n    <td>evaluation</td>\n    <td>javascript sdk</td>\n    <td>Aug. 12, 2023, 11:10 a.m.</td>\n    <td></td>\n    <td></td>\n  </tr>\n      \n\n</table>\n</body>\n</html>", "endpoint": "", "created_datetime": "2023-08-10T09:31:52.542Z", "notification": 14, "is_successful": false}}, {"model": "notifications.notificationitem", "pk": 13, "fields": {"notification_channel": 1, "subject": "License Expiration Alert", "body": "<!DOCTYPE html PUBLIC \"-//W3C//DTD XHTML 1.0 Transitional//EN\" \"http://www.w3.org/TR/xhtml1/DTD/xhtml1-transitional.dtd\">\n<html xmlns=\"http://www.w3.org/1999/xhtml\">\n <head>\n  <meta http-equiv=\"Content-Type\" content=\"text/html; charset=UTF-8\" />\n  <title>Licenses Expiration Alert</title>\n  <meta name=\"viewport\" content=\"width=device-width, initial-scale=1.0\"/>\n</head>\n<body style=\"margin: 0; padding: 0;\">\n  <table align=\"center\" border=\"0\" cellpadding=\"0\" cellspacing=\"0\" width=\"320\" style=\"border: none; border-collapse: collapse; font-family:  Arial, sans-serif; font-size: 14px; line-height: 1.5;\">\n  <tr>\n    <th>license id</th>\n    <th>license type</th>\n    <th>package</th>\n    <th>expiration date</th>\n    <th>poc name</th>\n    <th>poc email</th>\n  </tr>\n      \n  <tr>\n    <td>4</td>\n    <td>evaluation</td>\n    <td>javascript sdk</td>\n    <td>Aug. 12, 2023, 11:10 a.m.</td>\n    <td></td>\n    <td></td>\n  </tr>\n      \n\n</table>\n</body>\n</html>", "endpoint": "", "created_datetime": "2023-08-10T09:48:41.047Z", "notification": 15, "is_successful": true}}, {"model": "notifications.notificationitem", "pk": 14, "fields": {"notification_channel": 1, "subject": "License Expiration Alert", "body": "<!DOCTYPE html PUBLIC \"-//W3C//DTD XHTML 1.0 Transitional//EN\" \"http://www.w3.org/TR/xhtml1/DTD/xhtml1-transitional.dtd\">\n<html xmlns=\"http://www.w3.org/1999/xhtml\">\n <head>\n  <meta http-equiv=\"Content-Type\" content=\"text/html; charset=UTF-8\" />\n  <title>Licenses Expiration Alert</title>\n  <meta name=\"viewport\" content=\"width=device-width, initial-scale=1.0\"/>\n</head>\n<body style=\"margin: 0; padding: 0;\">\n  <table align=\"center\" border=\"0\" cellpadding=\"0\" cellspacing=\"0\" width=\"320\" style=\"border: none; border-collapse: collapse; font-family:  Arial, sans-serif; font-size: 14px; line-height: 1.5;\">\n  <tr>\n    <th>license id</th>\n    <th>license type</th>\n    <th>package</th>\n    <th>expiration date</th>\n    <th>poc name</th>\n    <th>poc email</th>\n  </tr>\n      \n  <tr>\n    <td>4</td>\n    <td>evaluation</td>\n    <td>javascript sdk</td>\n    <td>Aug. 12, 2023, 11:10 a.m.</td>\n    <td></td>\n    <td></td>\n  </tr>\n      \n\n</table>\n</body>\n</html>", "endpoint": "", "created_datetime": "2023-08-10T11:51:55.561Z", "notification": 16, "is_successful": true}}, {"model": "notifications.notificationitem", "pk": 15, "fields": {"notification_channel": 1, "subject": "License Expiration Alert", "body": "<!DOCTYPE html PUBLIC \"-//W3C//DTD XHTML 1.0 Transitional//EN\" \"http://www.w3.org/TR/xhtml1/DTD/xhtml1-transitional.dtd\">\n<html xmlns=\"http://www.w3.org/1999/xhtml\">\n <head>\n  <meta http-equiv=\"Content-Type\" content=\"text/html; charset=UTF-8\" />\n  <title>Licenses Expiration Alert</title>\n  <meta name=\"viewport\" content=\"width=device-width, initial-scale=1.0\"/>\n</head>\n<body style=\"margin: 0; padding: 0;\">\n  <table align=\"center\" border=\"0\" cellpadding=\"0\" cellspacing=\"0\" width=\"320\" style=\"border: none; border-collapse: collapse; font-family:  Arial, sans-serif; font-size: 14px; line-height: 1.5;\">\n  <tr>\n    <th>license id</th>\n    <th>license type</th>\n    <th>package</th>\n    <th>expiration date</th>\n    <th>poc name</th>\n    <th>poc email</th>\n  </tr>\n      \n  <tr>\n    <td>4</td>\n    <td>evaluation</td>\n    <td>javascript sdk</td>\n    <td>Aug. 12, 2023, 11:10 a.m.</td>\n    <td></td>\n    <td></td>\n  </tr>\n      \n\n</table>\n</body>\n</html>", "endpoint": "", "created_datetime": "2023-08-10T11:54:00.040Z", "notification": 17, "is_successful": true}}, {"model": "notifications.notificationitem", "pk": 16, "fields": {"notification_channel": 1, "subject": "License Expiration Alert", "body": "<!DOCTYPE html PUBLIC \"-//W3C//DTD XHTML 1.0 Transitional//EN\" \"http://www.w3.org/TR/xhtml1/DTD/xhtml1-transitional.dtd\">\n<html xmlns=\"http://www.w3.org/1999/xhtml\">\n <head>\n  <meta http-equiv=\"Content-Type\" content=\"text/html; charset=UTF-8\" />\n  <title>Licenses Expiration Alert</title>\n  <meta name=\"viewport\" content=\"width=device-width, initial-scale=1.0\"/>\n</head>\n<body style=\"margin: 0; padding: 0;\">\n  <table align=\"center\" border=\"0\" cellpadding=\"0\" cellspacing=\"0\" width=\"320\" style=\"border: none; border-collapse: collapse; font-family:  Arial, sans-serif; font-size: 14px; line-height: 1.5;\">\n  <tr>\n    <th>license id</th>\n    <th>license type</th>\n    <th>package</th>\n    <th>expiration date</th>\n    <th>poc name</th>\n    <th>poc email</th>\n  </tr>\n      \n  <tr>\n    <td>4</td>\n    <td>evaluation</td>\n    <td>javascript sdk</td>\n    <td>Aug. 12, 2023, 11:10 a.m.</td>\n    <td></td>\n    <td></td>\n  </tr>\n      \n\n</table>\n</body>\n</html>", "endpoint": "", "created_datetime": "2023-08-10T13:20:20.736Z", "notification": 18, "is_successful": false}}, {"model": "notifications.notificationitem", "pk": 17, "fields": {"notification_channel": 1, "subject": "License Expiration Alert", "body": "<!DOCTYPE html PUBLIC \"-//W3C//DTD XHTML 1.0 Transitional//EN\" \"http://www.w3.org/TR/xhtml1/DTD/xhtml1-transitional.dtd\">\n<html xmlns=\"http://www.w3.org/1999/xhtml\">\n <head>\n  <meta http-equiv=\"Content-Type\" content=\"text/html; charset=UTF-8\" />\n  <title>Licenses Expiration Alert</title>\n  <meta name=\"viewport\" content=\"width=device-width, initial-scale=1.0\"/>\n</head>\n<body style=\"margin: 0; padding: 0;\">\n  <table align=\"center\" border=\"0\" cellpadding=\"0\" cellspacing=\"0\" width=\"320\" style=\"border: none; border-collapse: collapse; font-family:  Arial, sans-serif; font-size: 14px; line-height: 1.5;\">\n  <tr>\n    <th>license id</th>\n    <th>license type</th>\n    <th>package</th>\n    <th>expiration date</th>\n    <th>poc name</th>\n    <th>poc email</th>\n  </tr>\n      \n  <tr>\n    <td>4</td>\n    <td>evaluation</td>\n    <td>javascript sdk</td>\n    <td>Aug. 12, 2023, 11:10 a.m.</td>\n    <td></td>\n    <td></td>\n  </tr>\n      \n\n</table>\n</body>\n</html>", "endpoint": "", "created_datetime": "2023-08-10T13:20:39.988Z", "notification": 19, "is_successful": false}}, {"model": "notifications.notificationitem", "pk": 18, "fields": {"notification_channel": 1, "subject": "License Expiration Alert", "body": "<!DOCTYPE html PUBLIC \"-//W3C//DTD XHTML 1.0 Transitional//EN\" \"http://www.w3.org/TR/xhtml1/DTD/xhtml1-transitional.dtd\">\n<html xmlns=\"http://www.w3.org/1999/xhtml\">\n <head>\n  <meta http-equiv=\"Content-Type\" content=\"text/html; charset=UTF-8\" />\n  <title>Licenses Expiration Alert</title>\n  <meta name=\"viewport\" content=\"width=device-width, initial-scale=1.0\"/>\n</head>\n<body style=\"margin: 0; padding: 0;\">\n  <table align=\"center\" border=\"0\" cellpadding=\"0\" cellspacing=\"0\" width=\"320\" style=\"border: none; border-collapse: collapse; font-family:  Arial, sans-serif; font-size: 14px; line-height: 1.5;\">\n  <tr>\n    <th>license id</th>\n    <th>license type</th>\n    <th>package</th>\n    <th>expiration date</th>\n    <th>poc name</th>\n    <th>poc email</th>\n  </tr>\n      \n  <tr>\n    <td>4</td>\n    <td>evaluation</td>\n    <td>javascript sdk</td>\n    <td>Aug. 12, 2023, 11:10 a.m.</td>\n    <td></td>\n    <td></td>\n  </tr>\n      \n\n</table>\n</body>\n</html>", "endpoint": "", "created_datetime": "2023-08-10T13:23:34.074Z", "notification": 21, "is_successful": true}}]